{
  "args": {
    "m": 20000,
    "n": 20000,
    "p": 400000,
    "q": 400000
  },
  "compile": {
    "c": "-O2 -std=c14",
    "cpp": "-O2 -std=c++14",
    "java": "",
    "pas": "-O2",
    "py": ""
  },
  "data": [
    {
      "args": {
        "m": 3,
        "n": 3,
        "p": 6,
        "q": 60
      },
      "cases": [
        1
      ]
    },
    {
      "args": {
        "m": 5,
        "n": 5,
        "p": 15,
        "q": 100
      },
      "cases": [
        2
      ]
    },
    {
      "args": {
        "m": 10,
        "n": 10,
        "p": 40,
        "q": 0
      },
      "cases": [
        3
      ]
    },
    {
      "args": {
        "m": 15,
        "n": 15,
        "p": 75,
        "q": 300
      },
      "cases": [
        4
      ]
    },
    {
      "args": {
        "m": 20,
        "n": 20,
        "p": 120,
        "q": 0
      },
      "cases": [
        5
      ]
    },
    {
      "args": {
        "m": 150,
        "n": 150,
        "p": 1500,
        "q": 3000
      },
      "cases": [
        6
      ]
    },
    {
      "args": {
        "m": 200,
        "n": 200,
        "p": 2000,
        "q": 0
      },
      "cases": [
        7
      ]
    },
    {
      "args": {
        "m": 300,
        "n": 300,
        "p": 3300,
        "q": 6000
      },
      "cases": [
        8
      ]
    },
    {
      "args": {
        "m": 500,
        "n": 500,
        "p": 6000,
        "q": 0
      },
      "cases": [
        9
      ]
    },
    {
      "args": {
        "m": 2000,
        "n": 2000,
        "p": 30000,
        "q": 40000
      },
      "cases": [
        10
      ]
    },
    {
      "args": {
        "m": 3000,
        "n": 3000,
        "p": 48000,
        "q": 0
      },
      "cases": [
        11
      ]
    },
    {
      "args": {
        "m": 5000,
        "n": 5000,
        "p": 85000,
        "q": 100000
      },
      "cases": [
        12
      ]
    },
    {
      "args": {
        "m": 10000,
        "n": 10000,
        "p": 180000,
        "q": 0
      },
      "cases": [
        13
      ]
    },
    {
      "args": {
        "m": 10000,
        "n": 10000,
        "p": 180000,
        "q": 200000
      },
      "cases": [
        14
      ]
    },
    {
      "args": {
        "m": 12000,
        "n": 12000,
        "p": 216000,
        "q": 240000
      },
      "cases": [
        15
      ]
    },
    {
      "args": {
        "m": 15000,
        "n": 15000,
        "p": 285000,
        "q": 0
      },
      "cases": [
        16
      ]
    },
    {
      "args": {
        "m": 15000,
        "n": 15000,
        "p": 285000,
        "q": 300000
      },
      "cases": [
        17
      ]
    },
    {
      "args": {
        "m": 18000,
        "n": 18000,
        "p": 342000,
        "q": 360000
      },
      "cases": [
        18
      ]
    },
    {
      "args": {
        "m": 20000,
        "n": 20000,
        "p": 400000,
        "q": 0
      },
      "cases": [
        19
      ]
    },
    {
      "args": {
        "m": 20000,
        "n": 20000,
        "p": 400000,
        "q": 400000
      },
      "cases": [
        20
      ]
    }
  ],
  "folder": "problem",
  "memory limit": "128 MB",
  "name": "serial",
  "packed": false,
  "partial score": false,
  "samples": [
    {
      "cases": [
        1
      ]
    }
  ],
  "time limit": 3.0,
  "title": {
    "zh-cn": "\u4e32\u884c\u8c03\u5ea6"
  },
  "type": "program",
  "users": {
    "dundun": {
      "index.cpp": "dundun//index.cpp"
    },
    "mulab": {
      "brute.cpp": "mulab//brute.cpp"
    }
  },
  "version": 0
}