{
  "args": {
    "n": 1000
  },
  "compile": {
    "c": "-O2 -std=c14",
    "cpp": "-O2 -std=c++14",
    "java": "",
    "pas": "-O2",
    "py": ""
  },
  "data": [
    {
      "cases": [
        1,
        2,
        3,
        4,
        5,
        6,
        7,
        8,
        9,
        10
      ]
    }
  ],
  "folder": "problem",
  "memory limit": "128 MB",
  "name": "lisp",
  "packed": false,
  "partial score": false,
  "samples": [
    {
      "cases": [
        1,
        2,
        3,
        4
      ]
    }
  ],
  "time limit": 1.0,
  "title": {
    "zh-cn": "Lisp\u8bed\u8a00\u89e3\u91ca\u5668"
  },
  "type": "program",
  "users": {
    "code": {
      "60_lisp.cpp": "code//60_lisp.cpp",
      "lisp.py": "code//lisp.py"
    },
    "cy": {
      "60.cpp": "cy//60.cpp"
    }
  },
  "version": 0
}