{
  "args": {
    "n": 40
  },
  "compile": {
    "c": "-O2 -std=c14",
    "cpp": "-O2 -std=c++14",
    "java": "",
    "pas": "-O2",
    "py": ""
  },
  "data": [
    {
      "args": {
        "type": 0
      },
      "cases": [
        1,
        2
      ]
    },
    {
      "args": {
        "type": 1
      },
      "cases": [
        3,
        4,
        5,
        6,
        7,
        8
      ]
    },
    {
      "args": {
        "type": 2
      },
      "cases": [
        9,
        10,
        11,
        12,
        13,
        14
      ]
    },
    {
      "args": {
        "type": 3
      },
      "cases": [
        15,
        16,
        17,
        18,
        19,
        20
      ]
    }
  ],
  "folder": "problem",
  "memory limit": "128 MB",
  "name": "wuzi",
  "packed": false,
  "partial score": false,
  "samples": [
    {
      "cases": [
        1
      ]
    }
  ],
  "time limit": 1.0,
  "title": {
    "zh-cn": "\u4e94\u5b50\u68cb"
  },
  "type": "program",
  "users": {
    "code": {
      "WuziA.java": "code//WuziA.java",
      "WuziB.java": "code//WuziB.java",
      "WuziC.java": "code//WuziC.java",
      "WuziD.java": "code//WuziD.java",
      "wuziA.cpp": "code//wuziA.cpp",
      "wuziB.cpp": "code//wuziB.cpp",
      "wuziC.cpp": "code//wuziC.cpp",
      "wuziD.cpp": "code//wuziD.cpp"
    },
    "mulab": {
      "test.cpp": "mulab//test.cpp"
    }
  },
  "version": 0
}