[{"cmd":"compile","sourceId":0,"langs":{"g++":["-O2","-lm"],"java":[]}},{"cmd":"exec","binId":0,"timeLimit":"1000","memLimit":"2048","inputFile":"data/trick1.in"},{"cmd":"judge","ansId":1,"checker":"default","inputFile":["data/trick1.in"],"stdOutputFile":"data/trick1.ans"},{"cmd":"exec","binId":0,"timeLimit":"1000","memLimit":"2048","inputFile":"data/trick2.in"},{"cmd":"judge","ansId":3,"checker":"default","inputFile":["data/trick2.in"],"stdOutputFile":"data/trick2.ans"},{"cmd":"exec","binId":0,"timeLimit":"1000","memLimit":"2048","inputFile":"data/trick3.in"},{"cmd":"judge","ansId":5,"checker":"default","inputFile":["data/trick3.in"],"stdOutputFile":"data/trick3.ans"},{"cmd":"exec","binId":0,"timeLimit":"1000","memLimit":"2048","inputFile":"data/trick4.in"},{"cmd":"judge","ansId":7,"checker":"default","inputFile":["data/trick4.in"],"stdOutputFile":"data/trick4.ans"},{"cmd":"exec","binId":0,"timeLimit":"1000","memLimit":"2048","inputFile":"data/trick5.in"},{"cmd":"judge","ansId":9,"checker":"default","inputFile":["data/trick5.in"],"stdOutputFile":"data/trick5.ans"},{"cmd":"exec","binId":0,"timeLimit":"1000","memLimit":"2048","inputFile":"data/trick6.in"},{"cmd":"judge","ansId":11,"checker":"default","inputFile":["data/trick6.in"],"stdOutputFile":"data/trick6.ans"},{"cmd":"exec","binId":0,"timeLimit":"1000","memLimit":"2048","inputFile":"data/trick7.in"},{"cmd":"judge","ansId":13,"checker":"default","inputFile":["data/trick7.in"],"stdOutputFile":"data/trick7.ans"},{"cmd":"exec","binId":0,"timeLimit":"1000","memLimit":"2048","inputFile":"data/trick8.in"},{"cmd":"judge","ansId":15,"checker":"default","inputFile":["data/trick8.in"],"stdOutputFile":"data/trick8.ans"},{"cmd":"exec","binId":0,"timeLimit":"1000","memLimit":"2048","inputFile":"data/trick9.in"},{"cmd":"judge","ansId":17,"checker":"default","inputFile":["data/trick9.in"],"stdOutputFile":"data/trick9.ans"},{"cmd":"exec","binId":0,"timeLimit":"1000","memLimit":"2048","inputFile":"data/trick10.in"},{"cmd":"judge","ansId":19,"checker":"default","inputFile":["data/trick10.in"],"stdOutputFile":"data/trick10.ans"},{"cmd":"exec","binId":0,"timeLimit":"1000","memLimit":"2048","inputFile":"data/trick11.in"},{"cmd":"judge","ansId":21,"checker":"default","inputFile":["data/trick11.in"],"stdOutputFile":"data/trick11.ans"},{"cmd":"exec","binId":0,"timeLimit":"1000","memLimit":"2048","inputFile":"data/trick12.in"},{"cmd":"judge","ansId":23,"checker":"default","inputFile":["data/trick12.in"],"stdOutputFile":"data/trick12.ans"},{"cmd":"exec","binId":0,"timeLimit":"1000","memLimit":"2048","inputFile":"data/trick13.in"},{"cmd":"judge","ansId":25,"checker":"default","inputFile":["data/trick13.in"],"stdOutputFile":"data/trick13.ans"},{"cmd":"exec","binId":0,"timeLimit":"1000","memLimit":"2048","inputFile":"data/trick14.in"},{"cmd":"judge","ansId":27,"checker":"default","inputFile":["data/trick14.in"],"stdOutputFile":"data/trick14.ans"},{"cmd":"exec","binId":0,"timeLimit":"1000","memLimit":"2048","inputFile":"data/trick15.in"},{"cmd":"judge","ansId":29,"checker":"default","inputFile":["data/trick15.in"],"stdOutputFile":"data/trick15.ans"}]
